-- sys_config
INSERT INTO cuckooji.sys_config (config_id, config_name, config_key, config_value, config_type, create_by, create_time, update_by, update_time, remark) VALUES (1, '主框架页-默认皮肤样式名称', 'sys.index.skinName', 'skin-blue', 'Y', 1, '2024-06-20 23:05:13', 1, null, '蓝色 skin-blue、绿色 skin-green、紫色 skin-purple、红色 skin-red、黄色 skin-yellow');
INSERT INTO cuckooji.sys_config (config_id, config_name, config_key, config_value, config_type, create_by, create_time, update_by, update_time, remark) VALUES (2, '用户管理-账号初始密码', 'sys.user.initPassword', '123456', 'Y', 1, '2024-06-20 23:05:13', 1, null, '初始化密码 123456');
INSERT INTO cuckooji.sys_config (config_id, config_name, config_key, config_value, config_type, create_by, create_time, update_by, update_time, remark) VALUES (3, '主框架页-侧边栏主题', 'sys.index.sideTheme', 'theme-dark', 'Y', 1, '2024-06-20 23:05:14', 1, null, '深色主题theme-dark，浅色主题theme-light');
INSERT INTO cuckooji.sys_config (config_id, config_name, config_key, config_value, config_type, create_by, create_time, update_by, update_time, remark) VALUES (4, '账号自助-验证码开关', 'sys.account.captchaEnabled', 'true', 'Y', 1, '2024-06-20 23:05:14', 1, null, '是否开启验证码功能（true开启，false关闭）');
INSERT INTO cuckooji.sys_config (config_id, config_name, config_key, config_value, config_type, create_by, create_time, update_by, update_time, remark) VALUES (5, '账号自助-是否开启用户注册功能', 'sys.account.registerUser', 'false', 'Y', 1, '2024-06-20 23:05:14', 1, null, '是否开启注册用户功能（true开启，false关闭）');
INSERT INTO cuckooji.sys_config (config_id, config_name, config_key, config_value, config_type, create_by, create_time, update_by, update_time, remark) VALUES (6, '用户登录-黑名单列表', 'sys.login.blackIPList', '', 'Y', 1, '2024-06-20 23:05:14', 1, null, '设置登录IP黑名单限制，多个匹配项以;分隔，支持匹配（*通配、网段）');

-- sys_dept
INSERT INTO cuckooji.sys_dept (dept_id, parent_id, ancestors, dept_name, order_num, leader, phone, email, status, del_flag, create_by, create_time, update_by, update_time) VALUES (100, 0, '0', '若依科技', 0, '若依', '15888888888', 'ry@qq.com', '0', '0', 1, '2024-06-20 23:04:22', 1, null);
INSERT INTO cuckooji.sys_dept (dept_id, parent_id, ancestors, dept_name, order_num, leader, phone, email, status, del_flag, create_by, create_time, update_by, update_time) VALUES (101, 100, '0,100', '深圳总公司', 1, '若依', '15888888888', 'ry@qq.com', '0', '0', 1, '2024-06-20 23:04:23', 1, null);
INSERT INTO cuckooji.sys_dept (dept_id, parent_id, ancestors, dept_name, order_num, leader, phone, email, status, del_flag, create_by, create_time, update_by, update_time) VALUES (102, 100, '0,100', '长沙分公司', 2, '若依', '15888888888', 'ry@qq.com', '0', '0', 1, '2024-06-20 23:04:23', 1, null);
INSERT INTO cuckooji.sys_dept (dept_id, parent_id, ancestors, dept_name, order_num, leader, phone, email, status, del_flag, create_by, create_time, update_by, update_time) VALUES (103, 101, '0,100,101', '研发部门', 1, '若依', '15888888888', 'ry@qq.com', '0', '0', 1, '2024-06-20 23:04:23', 1, null);
INSERT INTO cuckooji.sys_dept (dept_id, parent_id, ancestors, dept_name, order_num, leader, phone, email, status, del_flag, create_by, create_time, update_by, update_time) VALUES (104, 101, '0,100,101', '市场部门', 2, '若依', '15888888888', 'ry@qq.com', '0', '0', 1, '2024-06-20 23:04:23', 1, null);
INSERT INTO cuckooji.sys_dept (dept_id, parent_id, ancestors, dept_name, order_num, leader, phone, email, status, del_flag, create_by, create_time, update_by, update_time) VALUES (105, 101, '0,100,101', '测试部门', 3, '若依', '15888888888', 'ry@qq.com', '0', '0', 1, '2024-06-20 23:04:23', 1, null);
INSERT INTO cuckooji.sys_dept (dept_id, parent_id, ancestors, dept_name, order_num, leader, phone, email, status, del_flag, create_by, create_time, update_by, update_time) VALUES (106, 101, '0,100,101', '财务部门', 4, '若依', '15888888888', 'ry@qq.com', '0', '0', 1, '2024-06-20 23:04:23', 1, null);
INSERT INTO cuckooji.sys_dept (dept_id, parent_id, ancestors, dept_name, order_num, leader, phone, email, status, del_flag, create_by, create_time, update_by, update_time) VALUES (107, 101, '0,100,101', '运维部门', 5, '若依', '15888888888', 'ry@qq.com', '0', '0', 1, '2024-06-20 23:04:23', 1, null);
INSERT INTO cuckooji.sys_dept (dept_id, parent_id, ancestors, dept_name, order_num, leader, phone, email, status, del_flag, create_by, create_time, update_by, update_time) VALUES (108, 102, '0,100,102', '市场部门', 1, '若依', '15888888888', 'ry@qq.com', '0', '0', 1, '2024-06-20 23:04:24', 1, null);
INSERT INTO cuckooji.sys_dept (dept_id, parent_id, ancestors, dept_name, order_num, leader, phone, email, status, del_flag, create_by, create_time, update_by, update_time) VALUES (109, 102, '0,100,102', '财务部门', 2, '若依', '15888888888', 'ry@qq.com', '0', '0', 1, '2024-06-20 23:04:24', 1, null);

-- sys_dict_data
INSERT INTO cuckooji.sys_dict_data (dict_code, dict_sort, dict_label, dict_value, dict_type, css_class, list_class, is_default, status, create_by, create_time, update_by, update_time, remark) VALUES (1, 1, '男', '0', 'sys_user_sex', '', '', 'Y', '0', 1, '2024-06-20 23:05:05', 1, null, '性别男');
INSERT INTO cuckooji.sys_dict_data (dict_code, dict_sort, dict_label, dict_value, dict_type, css_class, list_class, is_default, status, create_by, create_time, update_by, update_time, remark) VALUES (2, 2, '女', '1', 'sys_user_sex', '', '', 'N', '0', 1, '2024-06-20 23:05:05', 1, null, '性别女');
INSERT INTO cuckooji.sys_dict_data (dict_code, dict_sort, dict_label, dict_value, dict_type, css_class, list_class, is_default, status, create_by, create_time, update_by, update_time, remark) VALUES (3, 3, '未知', '2', 'sys_user_sex', '', '', 'N', '0', 1, '2024-06-20 23:05:06', 1, null, '性别未知');
INSERT INTO cuckooji.sys_dict_data (dict_code, dict_sort, dict_label, dict_value, dict_type, css_class, list_class, is_default, status, create_by, create_time, update_by, update_time, remark) VALUES (4, 1, '显示', '0', 'sys_show_hide', '', 'primary', 'Y', '0', 1, '2024-06-20 23:05:06', 1, null, '显示菜单');
INSERT INTO cuckooji.sys_dict_data (dict_code, dict_sort, dict_label, dict_value, dict_type, css_class, list_class, is_default, status, create_by, create_time, update_by, update_time, remark) VALUES (5, 2, '隐藏', '1', 'sys_show_hide', '', 'danger', 'N', '0', 1, '2024-06-20 23:05:06', 1, null, '隐藏菜单');
INSERT INTO cuckooji.sys_dict_data (dict_code, dict_sort, dict_label, dict_value, dict_type, css_class, list_class, is_default, status, create_by, create_time, update_by, update_time, remark) VALUES (6, 1, '正常', '0', 'sys_normal_disable', '', 'primary', 'Y', '0', 1, '2024-06-20 23:05:06', 1, null, '正常状态');
INSERT INTO cuckooji.sys_dict_data (dict_code, dict_sort, dict_label, dict_value, dict_type, css_class, list_class, is_default, status, create_by, create_time, update_by, update_time, remark) VALUES (7, 2, '停用', '1', 'sys_normal_disable', '', 'danger', 'N', '0', 1, '2024-06-20 23:05:06', 1, null, '停用状态');
INSERT INTO cuckooji.sys_dict_data (dict_code, dict_sort, dict_label, dict_value, dict_type, css_class, list_class, is_default, status, create_by, create_time, update_by, update_time, remark) VALUES (8, 1, '正常', '0', 'sys_job_status', '', 'primary', 'Y', '0', 1, '2024-06-20 23:05:07', 1, null, '正常状态');
INSERT INTO cuckooji.sys_dict_data (dict_code, dict_sort, dict_label, dict_value, dict_type, css_class, list_class, is_default, status, create_by, create_time, update_by, update_time, remark) VALUES (9, 2, '暂停', '1', 'sys_job_status', '', 'danger', 'N', '0', 1, '2024-06-20 23:05:07', 1, null, '停用状态');
INSERT INTO cuckooji.sys_dict_data (dict_code, dict_sort, dict_label, dict_value, dict_type, css_class, list_class, is_default, status, create_by, create_time, update_by, update_time, remark) VALUES (10, 1, '默认', 'DEFAULT', 'sys_job_group', '', '', 'Y', '0', 1, '2024-06-20 23:05:07', 1, null, '默认分组');
INSERT INTO cuckooji.sys_dict_data (dict_code, dict_sort, dict_label, dict_value, dict_type, css_class, list_class, is_default, status, create_by, create_time, update_by, update_time, remark) VALUES (11, 2, '系统', 'SYSTEM', 'sys_job_group', '', '', 'N', '0', 1, '2024-06-20 23:05:07', 1, null, '系统分组');
INSERT INTO cuckooji.sys_dict_data (dict_code, dict_sort, dict_label, dict_value, dict_type, css_class, list_class, is_default, status, create_by, create_time, update_by, update_time, remark) VALUES (12, 1, '是', 'Y', 'sys_yes_no', '', 'primary', 'Y', '0', 1, '2024-06-20 23:05:08', 1, null, '系统默认是');
INSERT INTO cuckooji.sys_dict_data (dict_code, dict_sort, dict_label, dict_value, dict_type, css_class, list_class, is_default, status, create_by, create_time, update_by, update_time, remark) VALUES (13, 2, '否', 'N', 'sys_yes_no', '', 'danger', 'N', '0', 1, '2024-06-20 23:05:08', 1, null, '系统默认否');
INSERT INTO cuckooji.sys_dict_data (dict_code, dict_sort, dict_label, dict_value, dict_type, css_class, list_class, is_default, status, create_by, create_time, update_by, update_time, remark) VALUES (14, 1, '通知', '1', 'sys_notice_type', '', 'warning', 'Y', '0', 1, '2024-06-20 23:05:09', 1, null, '通知');
INSERT INTO cuckooji.sys_dict_data (dict_code, dict_sort, dict_label, dict_value, dict_type, css_class, list_class, is_default, status, create_by, create_time, update_by, update_time, remark) VALUES (15, 2, '公告', '2', 'sys_notice_type', '', 'success', 'N', '0', 1, '2024-06-20 23:05:09', 1, null, '公告');
INSERT INTO cuckooji.sys_dict_data (dict_code, dict_sort, dict_label, dict_value, dict_type, css_class, list_class, is_default, status, create_by, create_time, update_by, update_time, remark) VALUES (16, 1, '正常', '0', 'sys_notice_status', '', 'primary', 'Y', '0', 1, '2024-06-20 23:05:09', 1, null, '正常状态');
INSERT INTO cuckooji.sys_dict_data (dict_code, dict_sort, dict_label, dict_value, dict_type, css_class, list_class, is_default, status, create_by, create_time, update_by, update_time, remark) VALUES (17, 2, '关闭', '1', 'sys_notice_status', '', 'danger', 'N', '0', 1, '2024-06-20 23:05:09', 1, null, '关闭状态');
INSERT INTO cuckooji.sys_dict_data (dict_code, dict_sort, dict_label, dict_value, dict_type, css_class, list_class, is_default, status, create_by, create_time, update_by, update_time, remark) VALUES (18, 99, '其他', '0', 'sys_oper_type', '', 'info', 'N', '0', 1, '2024-06-20 23:05:10', 1, null, '其他操作');
INSERT INTO cuckooji.sys_dict_data (dict_code, dict_sort, dict_label, dict_value, dict_type, css_class, list_class, is_default, status, create_by, create_time, update_by, update_time, remark) VALUES (19, 1, '新增', '1', 'sys_oper_type', '', 'info', 'N', '0', 1, '2024-06-20 23:05:10', 1, null, '新增操作');
INSERT INTO cuckooji.sys_dict_data (dict_code, dict_sort, dict_label, dict_value, dict_type, css_class, list_class, is_default, status, create_by, create_time, update_by, update_time, remark) VALUES (20, 2, '修改', '2', 'sys_oper_type', '', 'info', 'N', '0', 1, '2024-06-20 23:05:10', 1, null, '修改操作');
INSERT INTO cuckooji.sys_dict_data (dict_code, dict_sort, dict_label, dict_value, dict_type, css_class, list_class, is_default, status, create_by, create_time, update_by, update_time, remark) VALUES (21, 3, '删除', '3', 'sys_oper_type', '', 'danger', 'N', '0', 1, '2024-06-20 23:05:10', 1, null, '删除操作');
INSERT INTO cuckooji.sys_dict_data (dict_code, dict_sort, dict_label, dict_value, dict_type, css_class, list_class, is_default, status, create_by, create_time, update_by, update_time, remark) VALUES (22, 4, '授权', '4', 'sys_oper_type', '', 'primary', 'N', '0', 1, '2024-06-20 23:05:11', 1, null, '授权操作');
INSERT INTO cuckooji.sys_dict_data (dict_code, dict_sort, dict_label, dict_value, dict_type, css_class, list_class, is_default, status, create_by, create_time, update_by, update_time, remark) VALUES (23, 5, '导出', '5', 'sys_oper_type', '', 'warning', 'N', '0', 1, '2024-06-20 23:05:11', 1, null, '导出操作');
INSERT INTO cuckooji.sys_dict_data (dict_code, dict_sort, dict_label, dict_value, dict_type, css_class, list_class, is_default, status, create_by, create_time, update_by, update_time, remark) VALUES (24, 6, '导入', '6', 'sys_oper_type', '', 'warning', 'N', '0', 1, '2024-06-20 23:05:11', 1, null, '导入操作');
INSERT INTO cuckooji.sys_dict_data (dict_code, dict_sort, dict_label, dict_value, dict_type, css_class, list_class, is_default, status, create_by, create_time, update_by, update_time, remark) VALUES (25, 7, '强退', '7', 'sys_oper_type', '', 'danger', 'N', '0', 1, '2024-06-20 23:05:11', 1, null, '强退操作');
INSERT INTO cuckooji.sys_dict_data (dict_code, dict_sort, dict_label, dict_value, dict_type, css_class, list_class, is_default, status, create_by, create_time, update_by, update_time, remark) VALUES (26, 8, '生成代码', '8', 'sys_oper_type', '', 'warning', 'N', '0', 1, '2024-06-20 23:05:12', 1, null, '生成操作');
INSERT INTO cuckooji.sys_dict_data (dict_code, dict_sort, dict_label, dict_value, dict_type, css_class, list_class, is_default, status, create_by, create_time, update_by, update_time, remark) VALUES (27, 9, '清空数据', '9', 'sys_oper_type', '', 'danger', 'N', '0', 1, '2024-06-20 23:05:12', 1, null, '清空操作');
INSERT INTO cuckooji.sys_dict_data (dict_code, dict_sort, dict_label, dict_value, dict_type, css_class, list_class, is_default, status, create_by, create_time, update_by, update_time, remark) VALUES (28, 1, '成功', '0', 'sys_common_status', '', 'primary', 'N', '0', 1, '2024-06-20 23:05:12', 1, null, '正常状态');
INSERT INTO cuckooji.sys_dict_data (dict_code, dict_sort, dict_label, dict_value, dict_type, css_class, list_class, is_default, status, create_by, create_time, update_by, update_time, remark) VALUES (29, 2, '失败', '1', 'sys_common_status', '', 'danger', 'N', '0', 1, '2024-06-20 23:05:12', 1, null, '停用状态');

-- sys_dict_type
INSERT INTO cuckooji.sys_dict_type (dict_id, dict_name, dict_type, status, create_by, create_time, update_by, update_time, remark) VALUES (1, '用户性别', 'sys_user_sex', '0', 1, '2024-06-20 23:05:02', 1, null, '用户性别列表');
INSERT INTO cuckooji.sys_dict_type (dict_id, dict_name, dict_type, status, create_by, create_time, update_by, update_time, remark) VALUES (2, '菜单状态', 'sys_show_hide', '0', 1, '2024-06-20 23:05:03', 1, null, '菜单状态列表');
INSERT INTO cuckooji.sys_dict_type (dict_id, dict_name, dict_type, status, create_by, create_time, update_by, update_time, remark) VALUES (3, '系统开关', 'sys_normal_disable', '0', 1, '2024-06-20 23:05:03', 1, null, '系统开关列表');
INSERT INTO cuckooji.sys_dict_type (dict_id, dict_name, dict_type, status, create_by, create_time, update_by, update_time, remark) VALUES (4, '任务状态', 'sys_job_status', '0', 1, '2024-06-20 23:05:03', 1, null, '任务状态列表');
INSERT INTO cuckooji.sys_dict_type (dict_id, dict_name, dict_type, status, create_by, create_time, update_by, update_time, remark) VALUES (5, '任务分组', 'sys_job_group', '0', 1, '2024-06-20 23:05:03', 1, null, '任务分组列表');
INSERT INTO cuckooji.sys_dict_type (dict_id, dict_name, dict_type, status, create_by, create_time, update_by, update_time, remark) VALUES (6, '系统是否', 'sys_yes_no', '0', 1, '2024-06-20 23:05:03', 1, null, '系统是否列表');
INSERT INTO cuckooji.sys_dict_type (dict_id, dict_name, dict_type, status, create_by, create_time, update_by, update_time, remark) VALUES (7, '通知类型', 'sys_notice_type', '0', 1, '2024-06-20 23:05:04', 1, null, '通知类型列表');
INSERT INTO cuckooji.sys_dict_type (dict_id, dict_name, dict_type, status, create_by, create_time, update_by, update_time, remark) VALUES (8, '通知状态', 'sys_notice_status', '0', 1, '2024-06-20 23:05:04', 1, null, '通知状态列表');
INSERT INTO cuckooji.sys_dict_type (dict_id, dict_name, dict_type, status, create_by, create_time, update_by, update_time, remark) VALUES (9, '操作类型', 'sys_oper_type', '0', 1, '2024-06-20 23:05:04', 1, null, '操作类型列表');
INSERT INTO cuckooji.sys_dict_type (dict_id, dict_name, dict_type, status, create_by, create_time, update_by, update_time, remark) VALUES (10, '系统状态', 'sys_common_status', '0', 1, '2024-06-20 23:05:04', 1, null, '登录状态列表');

-- sys_menu
INSERT INTO cuckooji.sys_menu (menu_id, menu_name, parent_id, order_num, path, component, query, is_frame, is_cache, menu_type, visible, status, perms, icon, create_by, create_time, update_by, update_time, remark) VALUES (1, '系统管理', 0, 1, 'system', null, '', 1, 0, 'M', '0', '0', '', 'system', 1, '2024-06-20 23:04:26', 1, null, '系统管理目录');
INSERT INTO cuckooji.sys_menu (menu_id, menu_name, parent_id, order_num, path, component, query, is_frame, is_cache, menu_type, visible, status, perms, icon, create_by, create_time, update_by, update_time, remark) VALUES (2, '系统监控', 0, 2, 'monitor', null, '', 1, 0, 'M', '0', '0', '', 'monitor', 1, '2024-06-20 23:04:26', 1, null, '系统监控目录');
INSERT INTO cuckooji.sys_menu (menu_id, menu_name, parent_id, order_num, path, component, query, is_frame, is_cache, menu_type, visible, status, perms, icon, create_by, create_time, update_by, update_time, remark) VALUES (3, '系统工具', 0, 3, 'tool', null, '', 1, 0, 'M', '0', '0', '', 'tool', 1, '2024-06-20 23:04:26', 1, null, '系统工具目录');
INSERT INTO cuckooji.sys_menu (menu_id, menu_name, parent_id, order_num, path, component, query, is_frame, is_cache, menu_type, visible, status, perms, icon, create_by, create_time, update_by, update_time, remark) VALUES (4, '若依官网', 0, 4, 'https://github.com/shilohooo/scaffold', null, '', 0, 0, 'M', '0', '0', '', 'guide', 1, '2024-06-20 23:04:27', 1, null, '若依官网地址');
INSERT INTO cuckooji.sys_menu (menu_id, menu_name, parent_id, order_num, path, component, query, is_frame, is_cache, menu_type, visible, status, perms, icon, create_by, create_time, update_by, update_time, remark) VALUES (100, '用户管理', 1, 1, 'user', 'system/user/index', '', 1, 0, 'C', '0', '0', 'system:user:list', 'user', 1, '2024-06-20 23:04:27', 1, null, '用户管理菜单');
INSERT INTO cuckooji.sys_menu (menu_id, menu_name, parent_id, order_num, path, component, query, is_frame, is_cache, menu_type, visible, status, perms, icon, create_by, create_time, update_by, update_time, remark) VALUES (101, '角色管理', 1, 2, 'role', 'system/role/index', '', 1, 0, 'C', '0', '0', 'system:role:list', 'peoples', 1, '2024-06-20 23:04:27', 1, null, '角色管理菜单');
INSERT INTO cuckooji.sys_menu (menu_id, menu_name, parent_id, order_num, path, component, query, is_frame, is_cache, menu_type, visible, status, perms, icon, create_by, create_time, update_by, update_time, remark) VALUES (102, '菜单管理', 1, 3, 'menu', 'system/menu/index', '', 1, 0, 'C', '0', '0', 'system:menu:list', 'tree-table', 1, '2024-06-20 23:04:27', 1, null, '菜单管理菜单');
INSERT INTO cuckooji.sys_menu (menu_id, menu_name, parent_id, order_num, path, component, query, is_frame, is_cache, menu_type, visible, status, perms, icon, create_by, create_time, update_by, update_time, remark) VALUES (103, '部门管理', 1, 4, 'dept', 'system/dept/index', '', 1, 0, 'C', '0', '0', 'system:dept:list', 'tree', 1, '2024-06-20 23:04:27', 1, null, '部门管理菜单');
INSERT INTO cuckooji.sys_menu (menu_id, menu_name, parent_id, order_num, path, component, query, is_frame, is_cache, menu_type, visible, status, perms, icon, create_by, create_time, update_by, update_time, remark) VALUES (104, '岗位管理', 1, 5, 'post', 'system/post/index', '', 1, 0, 'C', '0', '0', 'system:post:list', 'post', 1, '2024-06-20 23:04:27', 1, null, '岗位管理菜单');
INSERT INTO cuckooji.sys_menu (menu_id, menu_name, parent_id, order_num, path, component, query, is_frame, is_cache, menu_type, visible, status, perms, icon, create_by, create_time, update_by, update_time, remark) VALUES (105, '字典管理', 1, 6, 'dict', 'system/dict/index', '', 1, 0, 'C', '0', '0', 'system:dict:list', 'dict', 1, '2024-06-20 23:04:27', 1, null, '字典管理菜单');
INSERT INTO cuckooji.sys_menu (menu_id, menu_name, parent_id, order_num, path, component, query, is_frame, is_cache, menu_type, visible, status, perms, icon, create_by, create_time, update_by, update_time, remark) VALUES (106, '参数设置', 1, 7, 'config', 'system/config/index', '', 1, 0, 'C', '0', '0', 'system:config:list', 'edit', 1, '2024-06-20 23:04:28', 1, null, '参数设置菜单');
INSERT INTO cuckooji.sys_menu (menu_id, menu_name, parent_id, order_num, path, component, query, is_frame, is_cache, menu_type, visible, status, perms, icon, create_by, create_time, update_by, update_time, remark) VALUES (107, '通知公告', 1, 8, 'notice', 'system/notice/index', '', 1, 0, 'C', '0', '0', 'system:notice:list', 'message', 1, '2024-06-20 23:04:28', 1, null, '通知公告菜单');
INSERT INTO cuckooji.sys_menu (menu_id, menu_name, parent_id, order_num, path, component, query, is_frame, is_cache, menu_type, visible, status, perms, icon, create_by, create_time, update_by, update_time, remark) VALUES (108, '日志管理', 1, 9, 'log', '', '', 1, 0, 'M', '0', '0', '', 'log', 1, '2024-06-20 23:04:28', 1, null, '日志管理菜单');
INSERT INTO cuckooji.sys_menu (menu_id, menu_name, parent_id, order_num, path, component, query, is_frame, is_cache, menu_type, visible, status, perms, icon, create_by, create_time, update_by, update_time, remark) VALUES (109, '在线用户', 2, 1, 'online', 'monitor/online/index', '', 1, 0, 'C', '0', '0', 'monitor:online:list', 'online', 1, '2024-06-20 23:04:28', 1, null, '在线用户菜单');
INSERT INTO cuckooji.sys_menu (menu_id, menu_name, parent_id, order_num, path, component, query, is_frame, is_cache, menu_type, visible, status, perms, icon, create_by, create_time, update_by, update_time, remark) VALUES (110, '定时任务', 2, 2, 'job', 'monitor/job/index', '', 1, 0, 'C', '0', '0', 'monitor:job:list', 'job', 1, '2024-06-20 23:04:28', 1, null, '定时任务菜单');
INSERT INTO cuckooji.sys_menu (menu_id, menu_name, parent_id, order_num, path, component, query, is_frame, is_cache, menu_type, visible, status, perms, icon, create_by, create_time, update_by, update_time, remark) VALUES (111, '数据监控', 2, 3, 'druid', 'monitor/druid/index', '', 1, 0, 'C', '0', '0', 'monitor:druid:list', 'druid', 1, '2024-06-20 23:04:28', 1, null, '数据监控菜单');
INSERT INTO cuckooji.sys_menu (menu_id, menu_name, parent_id, order_num, path, component, query, is_frame, is_cache, menu_type, visible, status, perms, icon, create_by, create_time, update_by, update_time, remark) VALUES (112, '服务监控', 2, 4, 'server', 'monitor/server/index', '', 1, 0, 'C', '0', '0', 'monitor:server:list', 'server', 1, '2024-06-20 23:04:28', 1, null, '服务监控菜单');
INSERT INTO cuckooji.sys_menu (menu_id, menu_name, parent_id, order_num, path, component, query, is_frame, is_cache, menu_type, visible, status, perms, icon, create_by, create_time, update_by, update_time, remark) VALUES (113, '缓存监控', 2, 5, 'cache', 'monitor/cache/index', '', 1, 0, 'C', '0', '0', 'monitor:cache:list', 'redis', 1, '2024-06-20 23:04:29', 1, null, '缓存监控菜单');
INSERT INTO cuckooji.sys_menu (menu_id, menu_name, parent_id, order_num, path, component, query, is_frame, is_cache, menu_type, visible, status, perms, icon, create_by, create_time, update_by, update_time, remark) VALUES (114, '缓存列表', 2, 6, 'cacheList', 'monitor/cache/list', '', 1, 0, 'C', '0', '0', 'monitor:cache:list', 'redis-list', 1, '2024-06-20 23:04:29', 1, null, '缓存列表菜单');
INSERT INTO cuckooji.sys_menu (menu_id, menu_name, parent_id, order_num, path, component, query, is_frame, is_cache, menu_type, visible, status, perms, icon, create_by, create_time, update_by, update_time, remark) VALUES (115, '表单构建', 3, 1, 'build', 'tool/build/index', '', 1, 0, 'C', '0', '0', 'tool:build:list', 'build', 1, '2024-06-20 23:04:29', 1, null, '表单构建菜单');
INSERT INTO cuckooji.sys_menu (menu_id, menu_name, parent_id, order_num, path, component, query, is_frame, is_cache, menu_type, visible, status, perms, icon, create_by, create_time, update_by, update_time, remark) VALUES (116, '代码生成', 3, 2, 'gen', 'tool/gen/index', '', 1, 0, 'C', '0', '0', 'tool:gen:list', 'code', 1, '2024-06-20 23:04:29', 1, null, '代码生成菜单');
INSERT INTO cuckooji.sys_menu (menu_id, menu_name, parent_id, order_num, path, component, query, is_frame, is_cache, menu_type, visible, status, perms, icon, create_by, create_time, update_by, update_time, remark) VALUES (117, '系统接口', 3, 3, 'swagger', 'tool/swagger/index', '', 1, 0, 'C', '0', '0', 'tool:swagger:list', 'swagger', 1, '2024-06-20 23:04:29', 1, null, '系统接口菜单');
INSERT INTO cuckooji.sys_menu (menu_id, menu_name, parent_id, order_num, path, component, query, is_frame, is_cache, menu_type, visible, status, perms, icon, create_by, create_time, update_by, update_time, remark) VALUES (500, '操作日志', 108, 1, 'operlog', 'monitor/operlog/index', '', 1, 0, 'C', '0', '0', 'monitor:operlog:list', 'form', 1, '2024-06-20 23:04:29', 1, null, '操作日志菜单');
INSERT INTO cuckooji.sys_menu (menu_id, menu_name, parent_id, order_num, path, component, query, is_frame, is_cache, menu_type, visible, status, perms, icon, create_by, create_time, update_by, update_time, remark) VALUES (501, '登录日志', 108, 2, 'logininfor', 'monitor/logininfor/index', '', 1, 0, 'C', '0', '0', 'monitor:logininfor:list', 'logininfor', 1, '2024-06-20 23:04:30', 1, null, '登录日志菜单');
INSERT INTO cuckooji.sys_menu (menu_id, menu_name, parent_id, order_num, path, component, query, is_frame, is_cache, menu_type, visible, status, perms, icon, create_by, create_time, update_by, update_time, remark) VALUES (1000, '用户查询', 100, 1, '', '', '', 1, 0, 'F', '0', '0', 'system:user:query', '#', 1, '2024-06-20 23:04:30', 1, null, '');
INSERT INTO cuckooji.sys_menu (menu_id, menu_name, parent_id, order_num, path, component, query, is_frame, is_cache, menu_type, visible, status, perms, icon, create_by, create_time, update_by, update_time, remark) VALUES (1001, '用户新增', 100, 2, '', '', '', 1, 0, 'F', '0', '0', 'system:user:add', '#', 1, '2024-06-20 23:04:30', 1, null, '');
INSERT INTO cuckooji.sys_menu (menu_id, menu_name, parent_id, order_num, path, component, query, is_frame, is_cache, menu_type, visible, status, perms, icon, create_by, create_time, update_by, update_time, remark) VALUES (1002, '用户修改', 100, 3, '', '', '', 1, 0, 'F', '0', '0', 'system:user:edit', '#', 1, '2024-06-20 23:04:30', 1, null, '');
INSERT INTO cuckooji.sys_menu (menu_id, menu_name, parent_id, order_num, path, component, query, is_frame, is_cache, menu_type, visible, status, perms, icon, create_by, create_time, update_by, update_time, remark) VALUES (1003, '用户删除', 100, 4, '', '', '', 1, 0, 'F', '0', '0', 'system:user:remove', '#', 1, '2024-06-20 23:04:30', 1, null, '');
INSERT INTO cuckooji.sys_menu (menu_id, menu_name, parent_id, order_num, path, component, query, is_frame, is_cache, menu_type, visible, status, perms, icon, create_by, create_time, update_by, update_time, remark) VALUES (1004, '用户导出', 100, 5, '', '', '', 1, 0, 'F', '0', '0', 'system:user:export', '#', 1, '2024-06-20 23:04:30', 1, null, '');
INSERT INTO cuckooji.sys_menu (menu_id, menu_name, parent_id, order_num, path, component, query, is_frame, is_cache, menu_type, visible, status, perms, icon, create_by, create_time, update_by, update_time, remark) VALUES (1005, '用户导入', 100, 6, '', '', '', 1, 0, 'F', '0', '0', 'system:user:import', '#', 1, '2024-06-20 23:04:30', 1, null, '');
INSERT INTO cuckooji.sys_menu (menu_id, menu_name, parent_id, order_num, path, component, query, is_frame, is_cache, menu_type, visible, status, perms, icon, create_by, create_time, update_by, update_time, remark) VALUES (1006, '重置密码', 100, 7, '', '', '', 1, 0, 'F', '0', '0', 'system:user:resetPwd', '#', 1, '2024-06-20 23:04:31', 1, null, '');
INSERT INTO cuckooji.sys_menu (menu_id, menu_name, parent_id, order_num, path, component, query, is_frame, is_cache, menu_type, visible, status, perms, icon, create_by, create_time, update_by, update_time, remark) VALUES (1007, '角色查询', 101, 1, '', '', '', 1, 0, 'F', '0', '0', 'system:role:query', '#', 1, '2024-06-20 23:04:31', 1, null, '');
INSERT INTO cuckooji.sys_menu (menu_id, menu_name, parent_id, order_num, path, component, query, is_frame, is_cache, menu_type, visible, status, perms, icon, create_by, create_time, update_by, update_time, remark) VALUES (1008, '角色新增', 101, 2, '', '', '', 1, 0, 'F', '0', '0', 'system:role:add', '#', 1, '2024-06-20 23:04:31', 1, null, '');
INSERT INTO cuckooji.sys_menu (menu_id, menu_name, parent_id, order_num, path, component, query, is_frame, is_cache, menu_type, visible, status, perms, icon, create_by, create_time, update_by, update_time, remark) VALUES (1009, '角色修改', 101, 3, '', '', '', 1, 0, 'F', '0', '0', 'system:role:edit', '#', 1, '2024-06-20 23:04:31', 1, null, '');
INSERT INTO cuckooji.sys_menu (menu_id, menu_name, parent_id, order_num, path, component, query, is_frame, is_cache, menu_type, visible, status, perms, icon, create_by, create_time, update_by, update_time, remark) VALUES (1010, '角色删除', 101, 4, '', '', '', 1, 0, 'F', '0', '0', 'system:role:remove', '#', 1, '2024-06-20 23:04:31', 1, null, '');
INSERT INTO cuckooji.sys_menu (menu_id, menu_name, parent_id, order_num, path, component, query, is_frame, is_cache, menu_type, visible, status, perms, icon, create_by, create_time, update_by, update_time, remark) VALUES (1011, '角色导出', 101, 5, '', '', '', 1, 0, 'F', '0', '0', 'system:role:export', '#', 1, '2024-06-20 23:04:31', 1, null, '');
INSERT INTO cuckooji.sys_menu (menu_id, menu_name, parent_id, order_num, path, component, query, is_frame, is_cache, menu_type, visible, status, perms, icon, create_by, create_time, update_by, update_time, remark) VALUES (1012, '菜单查询', 102, 1, '', '', '', 1, 0, 'F', '0', '0', 'system:menu:query', '#', 1, '2024-06-20 23:04:31', 1, null, '');
INSERT INTO cuckooji.sys_menu (menu_id, menu_name, parent_id, order_num, path, component, query, is_frame, is_cache, menu_type, visible, status, perms, icon, create_by, create_time, update_by, update_time, remark) VALUES (1013, '菜单新增', 102, 2, '', '', '', 1, 0, 'F', '0', '0', 'system:menu:add', '#', 1, '2024-06-20 23:04:32', 1, null, '');
INSERT INTO cuckooji.sys_menu (menu_id, menu_name, parent_id, order_num, path, component, query, is_frame, is_cache, menu_type, visible, status, perms, icon, create_by, create_time, update_by, update_time, remark) VALUES (1014, '菜单修改', 102, 3, '', '', '', 1, 0, 'F', '0', '0', 'system:menu:edit', '#', 1, '2024-06-20 23:04:32', 1, null, '');
INSERT INTO cuckooji.sys_menu (menu_id, menu_name, parent_id, order_num, path, component, query, is_frame, is_cache, menu_type, visible, status, perms, icon, create_by, create_time, update_by, update_time, remark) VALUES (1015, '菜单删除', 102, 4, '', '', '', 1, 0, 'F', '0', '0', 'system:menu:remove', '#', 1, '2024-06-20 23:04:32', 1, null, '');
INSERT INTO cuckooji.sys_menu (menu_id, menu_name, parent_id, order_num, path, component, query, is_frame, is_cache, menu_type, visible, status, perms, icon, create_by, create_time, update_by, update_time, remark) VALUES (1016, '部门查询', 103, 1, '', '', '', 1, 0, 'F', '0', '0', 'system:dept:query', '#', 1, '2024-06-20 23:04:32', 1, null, '');
INSERT INTO cuckooji.sys_menu (menu_id, menu_name, parent_id, order_num, path, component, query, is_frame, is_cache, menu_type, visible, status, perms, icon, create_by, create_time, update_by, update_time, remark) VALUES (1017, '部门新增', 103, 2, '', '', '', 1, 0, 'F', '0', '0', 'system:dept:add', '#', 1, '2024-06-20 23:04:32', 1, null, '');
INSERT INTO cuckooji.sys_menu (menu_id, menu_name, parent_id, order_num, path, component, query, is_frame, is_cache, menu_type, visible, status, perms, icon, create_by, create_time, update_by, update_time, remark) VALUES (1018, '部门修改', 103, 3, '', '', '', 1, 0, 'F', '0', '0', 'system:dept:edit', '#', 1, '2024-06-20 23:04:32', 1, null, '');
INSERT INTO cuckooji.sys_menu (menu_id, menu_name, parent_id, order_num, path, component, query, is_frame, is_cache, menu_type, visible, status, perms, icon, create_by, create_time, update_by, update_time, remark) VALUES (1019, '部门删除', 103, 4, '', '', '', 1, 0, 'F', '0', '0', 'system:dept:remove', '#', 1, '2024-06-20 23:04:33', 1, null, '');
INSERT INTO cuckooji.sys_menu (menu_id, menu_name, parent_id, order_num, path, component, query, is_frame, is_cache, menu_type, visible, status, perms, icon, create_by, create_time, update_by, update_time, remark) VALUES (1020, '岗位查询', 104, 1, '', '', '', 1, 0, 'F', '0', '0', 'system:post:query', '#', 1, '2024-06-20 23:04:33', 1, null, '');
INSERT INTO cuckooji.sys_menu (menu_id, menu_name, parent_id, order_num, path, component, query, is_frame, is_cache, menu_type, visible, status, perms, icon, create_by, create_time, update_by, update_time, remark) VALUES (1021, '岗位新增', 104, 2, '', '', '', 1, 0, 'F', '0', '0', 'system:post:add', '#', 1, '2024-06-20 23:04:33', 1, null, '');
INSERT INTO cuckooji.sys_menu (menu_id, menu_name, parent_id, order_num, path, component, query, is_frame, is_cache, menu_type, visible, status, perms, icon, create_by, create_time, update_by, update_time, remark) VALUES (1022, '岗位修改', 104, 3, '', '', '', 1, 0, 'F', '0', '0', 'system:post:edit', '#', 1, '2024-06-20 23:04:33', 1, null, '');
INSERT INTO cuckooji.sys_menu (menu_id, menu_name, parent_id, order_num, path, component, query, is_frame, is_cache, menu_type, visible, status, perms, icon, create_by, create_time, update_by, update_time, remark) VALUES (1023, '岗位删除', 104, 4, '', '', '', 1, 0, 'F', '0', '0', 'system:post:remove', '#', 1, '2024-06-20 23:04:33', 1, null, '');
INSERT INTO cuckooji.sys_menu (menu_id, menu_name, parent_id, order_num, path, component, query, is_frame, is_cache, menu_type, visible, status, perms, icon, create_by, create_time, update_by, update_time, remark) VALUES (1024, '岗位导出', 104, 5, '', '', '', 1, 0, 'F', '0', '0', 'system:post:export', '#', 1, '2024-06-20 23:04:33', 1, null, '');
INSERT INTO cuckooji.sys_menu (menu_id, menu_name, parent_id, order_num, path, component, query, is_frame, is_cache, menu_type, visible, status, perms, icon, create_by, create_time, update_by, update_time, remark) VALUES (1025, '字典查询', 105, 1, '#', '', '', 1, 0, 'F', '0', '0', 'system:dict:query', '#', 1, '2024-06-20 23:04:34', 1, null, '');
INSERT INTO cuckooji.sys_menu (menu_id, menu_name, parent_id, order_num, path, component, query, is_frame, is_cache, menu_type, visible, status, perms, icon, create_by, create_time, update_by, update_time, remark) VALUES (1026, '字典新增', 105, 2, '#', '', '', 1, 0, 'F', '0', '0', 'system:dict:add', '#', 1, '2024-06-20 23:04:34', 1, null, '');
INSERT INTO cuckooji.sys_menu (menu_id, menu_name, parent_id, order_num, path, component, query, is_frame, is_cache, menu_type, visible, status, perms, icon, create_by, create_time, update_by, update_time, remark) VALUES (1027, '字典修改', 105, 3, '#', '', '', 1, 0, 'F', '0', '0', 'system:dict:edit', '#', 1, '2024-06-20 23:04:34', 1, null, '');
INSERT INTO cuckooji.sys_menu (menu_id, menu_name, parent_id, order_num, path, component, query, is_frame, is_cache, menu_type, visible, status, perms, icon, create_by, create_time, update_by, update_time, remark) VALUES (1028, '字典删除', 105, 4, '#', '', '', 1, 0, 'F', '0', '0', 'system:dict:remove', '#', 1, '2024-06-20 23:04:34', 1, null, '');
INSERT INTO cuckooji.sys_menu (menu_id, menu_name, parent_id, order_num, path, component, query, is_frame, is_cache, menu_type, visible, status, perms, icon, create_by, create_time, update_by, update_time, remark) VALUES (1029, '字典导出', 105, 5, '#', '', '', 1, 0, 'F', '0', '0', 'system:dict:export', '#', 1, '2024-06-20 23:04:34', 1, null, '');
INSERT INTO cuckooji.sys_menu (menu_id, menu_name, parent_id, order_num, path, component, query, is_frame, is_cache, menu_type, visible, status, perms, icon, create_by, create_time, update_by, update_time, remark) VALUES (1030, '参数查询', 106, 1, '#', '', '', 1, 0, 'F', '0', '0', 'system:config:query', '#', 1, '2024-06-20 23:04:35', 1, null, '');
INSERT INTO cuckooji.sys_menu (menu_id, menu_name, parent_id, order_num, path, component, query, is_frame, is_cache, menu_type, visible, status, perms, icon, create_by, create_time, update_by, update_time, remark) VALUES (1031, '参数新增', 106, 2, '#', '', '', 1, 0, 'F', '0', '0', 'system:config:add', '#', 1, '2024-06-20 23:04:35', 1, null, '');
INSERT INTO cuckooji.sys_menu (menu_id, menu_name, parent_id, order_num, path, component, query, is_frame, is_cache, menu_type, visible, status, perms, icon, create_by, create_time, update_by, update_time, remark) VALUES (1032, '参数修改', 106, 3, '#', '', '', 1, 0, 'F', '0', '0', 'system:config:edit', '#', 1, '2024-06-20 23:04:35', 1, null, '');
INSERT INTO cuckooji.sys_menu (menu_id, menu_name, parent_id, order_num, path, component, query, is_frame, is_cache, menu_type, visible, status, perms, icon, create_by, create_time, update_by, update_time, remark) VALUES (1033, '参数删除', 106, 4, '#', '', '', 1, 0, 'F', '0', '0', 'system:config:remove', '#', 1, '2024-06-20 23:04:35', 1, null, '');
INSERT INTO cuckooji.sys_menu (menu_id, menu_name, parent_id, order_num, path, component, query, is_frame, is_cache, menu_type, visible, status, perms, icon, create_by, create_time, update_by, update_time, remark) VALUES (1034, '参数导出', 106, 5, '#', '', '', 1, 0, 'F', '0', '0', 'system:config:export', '#', 1, '2024-06-20 23:04:35', 1, null, '');
INSERT INTO cuckooji.sys_menu (menu_id, menu_name, parent_id, order_num, path, component, query, is_frame, is_cache, menu_type, visible, status, perms, icon, create_by, create_time, update_by, update_time, remark) VALUES (1035, '公告查询', 107, 1, '#', '', '', 1, 0, 'F', '0', '0', 'system:notice:query', '#', 1, '2024-06-20 23:04:36', 1, null, '');
INSERT INTO cuckooji.sys_menu (menu_id, menu_name, parent_id, order_num, path, component, query, is_frame, is_cache, menu_type, visible, status, perms, icon, create_by, create_time, update_by, update_time, remark) VALUES (1036, '公告新增', 107, 2, '#', '', '', 1, 0, 'F', '0', '0', 'system:notice:add', '#', 1, '2024-06-20 23:04:36', 1, null, '');
INSERT INTO cuckooji.sys_menu (menu_id, menu_name, parent_id, order_num, path, component, query, is_frame, is_cache, menu_type, visible, status, perms, icon, create_by, create_time, update_by, update_time, remark) VALUES (1037, '公告修改', 107, 3, '#', '', '', 1, 0, 'F', '0', '0', 'system:notice:edit', '#', 1, '2024-06-20 23:04:36', 1, null, '');
INSERT INTO cuckooji.sys_menu (menu_id, menu_name, parent_id, order_num, path, component, query, is_frame, is_cache, menu_type, visible, status, perms, icon, create_by, create_time, update_by, update_time, remark) VALUES (1038, '公告删除', 107, 4, '#', '', '', 1, 0, 'F', '0', '0', 'system:notice:remove', '#', 1, '2024-06-20 23:04:36', 1, null, '');
INSERT INTO cuckooji.sys_menu (menu_id, menu_name, parent_id, order_num, path, component, query, is_frame, is_cache, menu_type, visible, status, perms, icon, create_by, create_time, update_by, update_time, remark) VALUES (1039, '操作查询', 500, 1, '#', '', '', 1, 0, 'F', '0', '0', 'monitor:operlog:query', '#', 1, '2024-06-20 23:04:36', 1, null, '');
INSERT INTO cuckooji.sys_menu (menu_id, menu_name, parent_id, order_num, path, component, query, is_frame, is_cache, menu_type, visible, status, perms, icon, create_by, create_time, update_by, update_time, remark) VALUES (1040, '操作删除', 500, 2, '#', '', '', 1, 0, 'F', '0', '0', 'monitor:operlog:remove', '#', 1, '2024-06-20 23:04:36', 1, null, '');
INSERT INTO cuckooji.sys_menu (menu_id, menu_name, parent_id, order_num, path, component, query, is_frame, is_cache, menu_type, visible, status, perms, icon, create_by, create_time, update_by, update_time, remark) VALUES (1041, '日志导出', 500, 3, '#', '', '', 1, 0, 'F', '0', '0', 'monitor:operlog:export', '#', 1, '2024-06-20 23:04:37', 1, null, '');
INSERT INTO cuckooji.sys_menu (menu_id, menu_name, parent_id, order_num, path, component, query, is_frame, is_cache, menu_type, visible, status, perms, icon, create_by, create_time, update_by, update_time, remark) VALUES (1042, '登录查询', 501, 1, '#', '', '', 1, 0, 'F', '0', '0', 'monitor:logininfor:query', '#', 1, '2024-06-20 23:04:37', 1, null, '');
INSERT INTO cuckooji.sys_menu (menu_id, menu_name, parent_id, order_num, path, component, query, is_frame, is_cache, menu_type, visible, status, perms, icon, create_by, create_time, update_by, update_time, remark) VALUES (1043, '登录删除', 501, 2, '#', '', '', 1, 0, 'F', '0', '0', 'monitor:logininfor:remove', '#', 1, '2024-06-20 23:04:37', 1, null, '');
INSERT INTO cuckooji.sys_menu (menu_id, menu_name, parent_id, order_num, path, component, query, is_frame, is_cache, menu_type, visible, status, perms, icon, create_by, create_time, update_by, update_time, remark) VALUES (1044, '日志导出', 501, 3, '#', '', '', 1, 0, 'F', '0', '0', 'monitor:logininfor:export', '#', 1, '2024-06-20 23:04:37', 1, null, '');
INSERT INTO cuckooji.sys_menu (menu_id, menu_name, parent_id, order_num, path, component, query, is_frame, is_cache, menu_type, visible, status, perms, icon, create_by, create_time, update_by, update_time, remark) VALUES (1045, '账户解锁', 501, 4, '#', '', '', 1, 0, 'F', '0', '0', 'monitor:logininfor:unlock', '#', 1, '2024-06-20 23:04:37', 1, null, '');
INSERT INTO cuckooji.sys_menu (menu_id, menu_name, parent_id, order_num, path, component, query, is_frame, is_cache, menu_type, visible, status, perms, icon, create_by, create_time, update_by, update_time, remark) VALUES (1046, '在线查询', 109, 1, '#', '', '', 1, 0, 'F', '0', '0', 'monitor:online:query', '#', 1, '2024-06-20 23:04:37', 1, null, '');
INSERT INTO cuckooji.sys_menu (menu_id, menu_name, parent_id, order_num, path, component, query, is_frame, is_cache, menu_type, visible, status, perms, icon, create_by, create_time, update_by, update_time, remark) VALUES (1047, '批量强退', 109, 2, '#', '', '', 1, 0, 'F', '0', '0', 'monitor:online:batchLogout', '#', 1, '2024-06-20 23:04:38', 1, null, '');
INSERT INTO cuckooji.sys_menu (menu_id, menu_name, parent_id, order_num, path, component, query, is_frame, is_cache, menu_type, visible, status, perms, icon, create_by, create_time, update_by, update_time, remark) VALUES (1048, '单条强退', 109, 3, '#', '', '', 1, 0, 'F', '0', '0', 'monitor:online:forceLogout', '#', 1, '2024-06-20 23:04:38', 1, null, '');
INSERT INTO cuckooji.sys_menu (menu_id, menu_name, parent_id, order_num, path, component, query, is_frame, is_cache, menu_type, visible, status, perms, icon, create_by, create_time, update_by, update_time, remark) VALUES (1049, '任务查询', 110, 1, '#', '', '', 1, 0, 'F', '0', '0', 'monitor:job:query', '#', 1, '2024-06-20 23:04:38', 1, null, '');
INSERT INTO cuckooji.sys_menu (menu_id, menu_name, parent_id, order_num, path, component, query, is_frame, is_cache, menu_type, visible, status, perms, icon, create_by, create_time, update_by, update_time, remark) VALUES (1050, '任务新增', 110, 2, '#', '', '', 1, 0, 'F', '0', '0', 'monitor:job:add', '#', 1, '2024-06-20 23:04:38', 1, null, '');
INSERT INTO cuckooji.sys_menu (menu_id, menu_name, parent_id, order_num, path, component, query, is_frame, is_cache, menu_type, visible, status, perms, icon, create_by, create_time, update_by, update_time, remark) VALUES (1051, '任务修改', 110, 3, '#', '', '', 1, 0, 'F', '0', '0', 'monitor:job:edit', '#', 1, '2024-06-20 23:04:38', 1, null, '');
INSERT INTO cuckooji.sys_menu (menu_id, menu_name, parent_id, order_num, path, component, query, is_frame, is_cache, menu_type, visible, status, perms, icon, create_by, create_time, update_by, update_time, remark) VALUES (1052, '任务删除', 110, 4, '#', '', '', 1, 0, 'F', '0', '0', 'monitor:job:remove', '#', 1, '2024-06-20 23:04:39', 1, null, '');
INSERT INTO cuckooji.sys_menu (menu_id, menu_name, parent_id, order_num, path, component, query, is_frame, is_cache, menu_type, visible, status, perms, icon, create_by, create_time, update_by, update_time, remark) VALUES (1053, '状态修改', 110, 5, '#', '', '', 1, 0, 'F', '0', '0', 'monitor:job:changeStatus', '#', 1, '2024-06-20 23:04:39', 1, null, '');
INSERT INTO cuckooji.sys_menu (menu_id, menu_name, parent_id, order_num, path, component, query, is_frame, is_cache, menu_type, visible, status, perms, icon, create_by, create_time, update_by, update_time, remark) VALUES (1054, '任务导出', 110, 6, '#', '', '', 1, 0, 'F', '0', '0', 'monitor:job:export', '#', 1, '2024-06-20 23:04:39', 1, null, '');
INSERT INTO cuckooji.sys_menu (menu_id, menu_name, parent_id, order_num, path, component, query, is_frame, is_cache, menu_type, visible, status, perms, icon, create_by, create_time, update_by, update_time, remark) VALUES (1055, '生成查询', 116, 1, '#', '', '', 1, 0, 'F', '0', '0', 'tool:gen:query', '#', 1, '2024-06-20 23:04:39', 1, null, '');
INSERT INTO cuckooji.sys_menu (menu_id, menu_name, parent_id, order_num, path, component, query, is_frame, is_cache, menu_type, visible, status, perms, icon, create_by, create_time, update_by, update_time, remark) VALUES (1056, '生成修改', 116, 2, '#', '', '', 1, 0, 'F', '0', '0', 'tool:gen:edit', '#', 1, '2024-06-20 23:04:39', 1, null, '');
INSERT INTO cuckooji.sys_menu (menu_id, menu_name, parent_id, order_num, path, component, query, is_frame, is_cache, menu_type, visible, status, perms, icon, create_by, create_time, update_by, update_time, remark) VALUES (1057, '生成删除', 116, 3, '#', '', '', 1, 0, 'F', '0', '0', 'tool:gen:remove', '#', 1, '2024-06-20 23:04:39', 1, null, '');
INSERT INTO cuckooji.sys_menu (menu_id, menu_name, parent_id, order_num, path, component, query, is_frame, is_cache, menu_type, visible, status, perms, icon, create_by, create_time, update_by, update_time, remark) VALUES (1058, '导入代码', 116, 4, '#', '', '', 1, 0, 'F', '0', '0', 'tool:gen:import', '#', 1, '2024-06-20 23:04:40', 1, null, '');
INSERT INTO cuckooji.sys_menu (menu_id, menu_name, parent_id, order_num, path, component, query, is_frame, is_cache, menu_type, visible, status, perms, icon, create_by, create_time, update_by, update_time, remark) VALUES (1059, '预览代码', 116, 5, '#', '', '', 1, 0, 'F', '0', '0', 'tool:gen:preview', '#', 1, '2024-06-20 23:04:40', 1, null, '');
INSERT INTO cuckooji.sys_menu (menu_id, menu_name, parent_id, order_num, path, component, query, is_frame, is_cache, menu_type, visible, status, perms, icon, create_by, create_time, update_by, update_time, remark) VALUES (1060, '生成代码', 116, 6, '#', '', '', 1, 0, 'F', '0', '0', 'tool:gen:code', '#', 1, '2024-06-20 23:04:40', 1, null, '');

-- sys_notice
INSERT INTO cuckooji.sys_notice (notice_id, notice_title, notice_type, notice_content, status, create_by, create_time, update_by, update_time, remark) VALUES (1, '温馨提醒：2018-07-01 若依新版本发布啦', '2', '新版本维护', '0', 1, '2024-06-20 23:05:18', 1, null, '管理员');
INSERT INTO cuckooji.sys_notice (notice_id, notice_title, notice_type, notice_content, status, create_by, create_time, update_by, update_time, remark) VALUES (2, '维护通知：2018-07-01 若依系统凌晨维护', '1', '通知内容', '0', 1, '2024-06-20 23:05:18', 1, null, '管理员');

-- sys_post
INSERT INTO cuckooji.sys_post (post_id, post_code, post_name, post_sort, status, create_by, create_time, update_by, update_time, remark) VALUES (1, 'ceo', '董事长', 1, '0', 1, '2024-06-20 23:04:25', 1, null, '');
INSERT INTO cuckooji.sys_post (post_id, post_code, post_name, post_sort, status, create_by, create_time, update_by, update_time, remark) VALUES (2, 'se', '项目经理', 2, '0', 1, '2024-06-20 23:04:25', 1, null, '');
INSERT INTO cuckooji.sys_post (post_id, post_code, post_name, post_sort, status, create_by, create_time, update_by, update_time, remark) VALUES (3, 'hr', '人力资源', 3, '0', 1, '2024-06-20 23:04:25', 1, null, '');
INSERT INTO cuckooji.sys_post (post_id, post_code, post_name, post_sort, status, create_by, create_time, update_by, update_time, remark) VALUES (4, 'user', '普通员工', 4, '0', 1, '2024-06-20 23:04:25', 1, null, '');

-- sys_role
INSERT INTO cuckooji.sys_role (role_id, role_name, role_key, role_sort, data_scope, menu_check_strictly, dept_check_strictly, status, del_flag, create_by, create_time, update_by, update_time, remark) VALUES (1, '超级管理员', 'admin', 1, '1', 1, 1, '0', '0', 1, '2024-06-20 23:04:26', 1, null, '超级管理员');
INSERT INTO cuckooji.sys_role (role_id, role_name, role_key, role_sort, data_scope, menu_check_strictly, dept_check_strictly, status, del_flag, create_by, create_time, update_by, update_time, remark) VALUES (2, '普通角色', 'common', 2, '2', 1, 1, '0', '0', 1, '2024-06-20 23:04:26', 1, null, '普通角色');

-- sys_user
INSERT INTO cuckooji.sys_user (user_id, dept_id, user_name, nick_name, user_type, email, phonenumber, sex, avatar, password, status, del_flag, login_ip, login_date, create_by, create_time, update_by, update_time, remark) VALUES (1, 103, 'admin', '若依', '00', 'ry@163.com', '15888888888', '1', '', '$2a$10$7JB720yubVSZvUI0rEqK/.VqGOZTH.ulu33dHOiBE8ByOhJIrdAu2', '0', '0', '127.0.0.1', '2024-06-20 23:04:24', 1, '2024-06-20 23:04:24', 1, null, '管理员');
INSERT INTO cuckooji.sys_user (user_id, dept_id, user_name, nick_name, user_type, email, phonenumber, sex, avatar, password, status, del_flag, login_ip, login_date, create_by, create_time, update_by, update_time, remark) VALUES (2, 105, 'ry', '若依', '00', 'ry@qq.com', '15666666666', '1', '', '$2a$10$7JB720yubVSZvUI0rEqK/.VqGOZTH.ulu33dHOiBE8ByOhJIrdAu2', '0', '0', '127.0.0.1', '2024-06-20 23:04:24', 1, '2024-06-20 23:04:24', 1, null, '测试员');
